{
  "IsEncrypted": false,
  "Values": {
    "AzureWebJobsStorage": "UseDevelopmentStorage=true",
    "FUNCTIONS_WORKER_RUNTIME": "dotnet",
    "ServiceBusConnection": "Endpoint=sb://de0a100armsegundosservicebus.servicebus.windows.net/;SharedAccessKeyName=RootManageSharedAccessKey;SharedAccessKey=Aj3gWVvO1wsWWhKL400I3U/jwrBrPFoftGeaoYH51HE=",
    "BindingRedirects": "[ { \"ShortName\": \"Newtonsoft.Json\", \"RedirectToVersion\": \"11.0.0.0\", \"PublicKeyToken\": \"30ad4fe6b2a6aeed\" } ]",
    "ConnectionStrings:DefaultConnection": "Server=tcp:de0a100armsegundossqlserver.database.windows.net,1433;Initial Catalog=de0a100armsecondsdb;User Id=admindb@de0a100armsegundossqlserver;Password=AdminPLain01!;"
  }
}