{
  "$schema": "https://schema.management.azure.com/schemas/2015-01-01/deploymentTemplate.json#",
  "contentVersion": "1.0.0.0",
  "parameters": {
    "rgLocation": {
      "type": "string",
      "defaultValue": "WestEurope"
    },
    "rgName": {
      "type": "string",
      "defaultValue": "testRgCreation1"
    },
    "rgName1": {
      "type": "string",
      "defaultValue": "testRgCreation2"
    },
    "storageAccountName": {
      "defaultValue": "storage1marcal0a100",
      "type": "string"
    },
    "storageAccountName1": {
      "defaultValue": "storage2marcal0a100",
      "type": "string"
    }
  },
  "variables": {},
  "resources": [
    {
      "type": "Microsoft.Resources/resourceGroups",
      "apiVersion": "2018-05-01",
      "location": "[parameters('rgLocation')]",
      "name": "[parameters('rgName')]",
      "properties": {}
    },
    {
      "type": "Microsoft.Resources/deployments",
      "apiVersion": "2017-05-10",
      "name": "storageDeployment",
      "resourceGroup": "[parameters('rgName')]",
      "dependsOn": [
        "[resourceId('Microsoft.Resources/resourceGroups/', parameters('rgName'))]"
      ],
      "properties": {
        "mode": "Incremental",
        "template": {
          "$schema": "https://schema.management.azure.com/schemas/2015-01-01/deploymentTemplate.json#",
          "contentVersion": "1.0.0.0",
          "parameters": {},
          "variables": {},
          "resources": [
            {
              "type": "Microsoft.Storage/storageAccounts",
              "apiVersion": "2017-10-01",
              "name": "[parameters('storageAccountName')]",
              "location": "[parameters('rgLocation')]",
              "kind": "StorageV2",
              "sku": {
                "name": "Standard_LRS"
              }
            }
          ],
          "outputs": {}
        }
      }
    },
    {
      "type": "Microsoft.Resources/resourceGroups",
      "apiVersion": "2018-05-01",
      "location": "[parameters('rgLocation')]",
      "name": "[parameters('rgName1')]",
      "properties": {}
    },
    {
      "type": "Microsoft.Resources/deployments",
      "apiVersion": "2017-05-10",
      "name": "storageDeployment",
      "resourceGroup": "[parameters('rgName1')]",
      "dependsOn": [
        "[resourceId('Microsoft.Resources/resourceGroups/', parameters('rgName1'))]"
      ],
      "properties": {
        "mode": "Incremental",
        "template": {
          "$schema": "https://schema.management.azure.com/schemas/2015-01-01/deploymentTemplate.json#",
          "contentVersion": "1.0.0.0",
          "parameters": {},
          "variables": {},
          "resources": [
            {
              "type": "Microsoft.Storage/storageAccounts",
              "apiVersion": "2017-10-01",
              "name": "[parameters('storageAccountName1')]",
              "location": "[parameters('rgLocation')]",
              "kind": "StorageV2",
              "sku": {
                "name": "Standard_LRS"
              }
            }
          ],
          "outputs": {}
        }
      }
    }
  ], "outputs": {} }
